Word,formal word
ha,hah
ni,nih
kerjain,kerjakan
dikejakan,dikerjakan
tau,tahu
kelaspun,kelas pun
reot,rusak
tak,tidak
tkp,tempat kejadian perkara
mencontreng,memberi tanda centang
and,dan
when,ketika
the,<nan>
seasons,musim
change,berganti
ayah,bapak
ayahnya,bapaknya
ohhh,oh
resign,mengundurkan diri
ayahku,bapakku
hei-,hei
hoho-,hoho
papaku,bapakku
haah,hah
astagfirullohaladziim,astagfirullah
office,pramu
boy,kantor
level,tingkatan
nyesel,nyesal
temenmu,temanmu
game,gim
insurance,asuransi
youtube,nama aplikasi
twitter,nama aplikasi
track,rekam
recordnya,jejaknya
record,jejak
ojk,otoritas jasa keuangan
belaiu,beliau
tkw,tenaga kerja wanita
theeettt,<nan>
theeeettt,<nan>
sura,suara
kukuyah,kukunyah
bedua,berdua
melalu,melalui
ke-delapan,ke delapan
anakmemang,anak memang
bapaktak,bapak tak
dannnnnn,dan
yangkata,yang kata
hanaposesif,hana posesif
nasibbbb,nasib
jomlo,jomblo
hiking,mendaki
chatroom,ruang obrolan
alloh,allah
tw,tahu
keles,<nan>
angle,sudut
cape,capek
fine-fine,baik-baik
down,sedih
shocked,kaget
tiap,setiap
circle,kelompok pertemanan
ngindarin,menghindari
grup-grup,grup
seintens,sesibuk
rekanrekan,rekan-rekan
katakata,kata-kata
shouldve,seharusnya
known,sudah tahu
berwarnawarni,berwarna-warni
enerjik,bersemangat
supel,mudah bergaul
nadanada,nada-nada
180,seratus delapan puluh
lamakelamaan,lama-kelamaan
levelnya,tingkatannya
workaholic,kecanduan kerja
fixed,sudah pasti
mulutmulut,mulut-mulut
luruslurus,lurus-lurus
hem,<nan>
opa-opa,mas-mas
bablas,melewati
arahin,arahkan
oi,<nan>
ibuk,ibu
wa,whatsapp
kautahusiapa,kau tahu siapa
stylish,anggun
call,telpon
kilogram,kg
mamah,ibu
seenggaknya,setidaknya
serrt,<nan>
basabasi,basa-basi
owner,pemilik
interview,wawancara
mennunjukkan,menunjukkan
over,terlalu
thinking,berpikir
khayya,<nan>
alasshola,<nan>
ke10,ke sepuluh
start,awal
emak,ibu
penggunungan,pegunungan
jarijemarinya,jari jemarinya
alamaak,<nan>
nyiur,kelapa
abahmu,bapakmu
emakku,ibuku
prku,tugasku
mak,bu
ratarata,rata-rata
180cm,180 cm
165cm,165 cm
170cm,170 cm
195cm,195 cm
skill,kemampuan
berskill,memiliki kemampuan
skillku,kemampuanku
risk,resiko
macetmacetan,macet-macetan
antre,antri
pundipundi,pundi-pundi
secret,rahasia
via,lewat
simple,simpel
ngab,bro
loc,lokasi
lamaaaa,lama
an,<nan>
surprise-surprise,kejutan-kejutan
degapdegup,degap-degup
wewwwww,<nan>
jempuuuuut,jemput
insecure,tidak percaya diri
mempacking,mengemas
ashiaaaaaaaaap,siap
ketiban,tertimpa
rejeki,rezeki
duit,uang
gel,<nan>
sepelemparan,selemparan
totogelap,toto gelap
mbok,ibu
nyuwun,minta
ngapunten,permisi
ngertos,tahu
nindakake,melakukan
asah,mengasah
asahan,<nan>
teng,di
pawon,dapur
kanak-kanak,anak-anak
0,ribu
lololo,<nan>
ninuninu,<nan>
fix,pasti
maygat,ya tuhan
ya-ya,ya
dek,adik
beritau,beritahu
salahsatu,salah satu
kucel,tidak rapih
dibuli,dirundung
dikanankiri,di kanan kiri
berac,ada ac
sumpek,sesak
menguasasi,menguasai
bayangbayang,bayang-bayang
kepengin,berkeinginan
blunder,kesalahan besar
orangorang,orang-orang
satusatunya,satu-satunya
ks,<nan>
mal,mall
bunda,ibu
sampaisampai,sampai-sampai
bun,bu
telebih,terlebih
berebeda,berbeda
bareng,bersama
moodku,perasaan hatiku
channelmu,saluranmu
2-2,22
bukitbukit,bukit-bukit
dungu,bodoh
papa,bapak
papah,bapak
pah,pak
besokbesok,besok-besok
nggandeng,membawa
he-he,hehe
he,<nan>
edan,gila
now,sekarang
ideide,ide-ide
shift-shift,shift
door,hadiah
prize,kejutan
ndangdut,dangdut
nyuuus,enak
ojeg,ojek
akhirakhir,akhir-akhir
covid19,covid-19
neng,nona
anakanak,anak-anak
lagilagi,lagi-lagi
pakde,paman
bapakku,ayahku
pating,kacau
penthalit,<nan>
sudaaah,sudah
gue,aku
kuatir,khawatir
bayibayi,bayi-bayi
jua,juga
nian,sekali
njebabah,berkembang
ndongkrok,menetap
golekkan,letakkan
kepalasesekali,kepala sesekali
juliwabah,juli wabah
tergolek,terbaring
covid,covid-19
sisinyakepala,sisinya kepala
passion,gairah
harihari,hari-hari
kananya,kanannya
kenyaman,kenyamanan
202-202,<nan>
com,<nan>
harissssss,haris
harisss-harisss,haris-haris
hariss,haris
bapakkkkk,bapak
menggu,menunggu
menggoyang,menggoyang-goyangkan
goyangkannya,<nan>
percikanpercikan,percikan-percikan
security,sekuriti
waalaikumusalam,waalaikumsalam
menenteng,membawa
janganjangan,jangan-jangan
1-1,11
sus,suster
bedrest,beristirahat
jadian,memiliki hubungan
hp-nya,handphonenya
hp,handphone
cowo,laki-laki
cowok,laki-laki
bare,batas
minimum,minimal
105,jam satu lewat lima
yes-yes,ya ya
yes,ya
53-53,53
yaa,ya
haaa-haaa,haha
haaa,<nan>
lu,kamu
roa-,roa
nginjakin,injaki
sawa,sawah
syahrul-,syahrul
asalamualaikum,assalamualaikum
atensinya,perhatiannya
uuhuk,uhuk
338,tiga lewat tiga puluh delapan
ro,roa
tombo,obat
tanki,tangki
di-di,di
traffic,lampu
light,lalu lintas
seribuan,seribu
melet,meletakkan
akkan,<nan>
driver,pengemudi
oooo,oh
seiisi,seisi
ber-asap,berasap
te,bonte
casn,singkatan
mengskrol-skrol,<nan>
dia-dia,dia
asn,singkatan
brended,bermerek
ustaz,ustadz
jarot,djarot
fahami,pahami
bok,abok
seharihari,sehari-hari
action,aksi
300,tiga
merem,menutup mata
bendabenda,benda-benda
anakanaknya,anak-anaknya
gununggunung,gunung-gunung
bongkahanbongkahan,bongkahan-bongkahan
batubatu,batu-batu
syukursyukur,syukur-syukur
my,mypertamina
pertamina,<nan>
mobilmotor,mobil motor
lan,lana
620,enam lewat dua puluh
705,tujuh lewat lima
titt,<nan>
ini-ini,ini
lho,loh
fa,ulfa
tlaga,telaga
mmmm,<nan>
masyaallah,masya allah
hayo,ayo
4012007,<nan>
fan,ifan
menstater,menyalakan
deal-deal,transaksi
training,latihan
1700,lima sore
maron,maroon
geulis,cantik
dheg-dheg,deg-degan
dhegan,<nan>
shock,kaget
ankle,mata kaki
strap,istilah bahasa inggris
dihari,di hari
praaak,<nan>
menjinakkan,menjinakan
tolok,tolak
dapati,dapat
gedean,lebih besar
awa,tawa
berduit,kaya
2000,delapan malam
wooow,<nan>
montok,berisi
studinya,studi
strip,garis
merengut,mengambil
keeratan,keakraban
corona,covid-19
700,tujuh pagi
dikota,di kota
kang,mas
ha-ha,haha
kuekue,kue-kue
spot,tempat
lagulagu,lagu-lagu
cab,cabang
plus,dan
remahremah,remah-remah
batator,batagor
basonya,baksonya
oleholeh,oleh-oleh
temanteman,teman-teman
netijen,netizen
benarbenar,benar-benar
biasabiasa,bisa-bisa
enakenak,enak-enak
10000,10 ribu
15000,15 ribu
nonton,menonton
resto,restoran
tibatiba,tiba-tiba
sistah,teman perempuan
dah,sudah
oleholehnya,oleh-olehnya
cabe,cabai
dilemparlempar,dilempar-lempar
spv,pegawai
mention,menyebutkan
kece,keren
lampulampu,lampu-lampu
eye,menarik
catching,<nan>
smoked,asap
chicken,ayam
cheese,keju
freedom,kebebasan
l,1
yummy,enak
dikit,sedikit
presentase,persentase
ride,pengendara
sharing,membagikan
nekad,nekat
lounge,ruang santai
warungwarung,warung-warung
kecampur,tercampur
kecilkecil,kecil-kecil
__sad__,<nan>
ri,republik indonesia
hang,bermasalah
pake,pakai
apaapa,apa-apa
reasonable,masuk akal
masingmasing,masing-masing
bang,mas
dim,dimsumnya
sumnya,<nan>
yahud,enak
sum,<nan>
saungsaungnya,saung-saungnya
service,servis
walikota,lengkap
courier,kurir
hmmm,<nan>
berkalikali,berkali-kali
loe,kamu
kesel,kesal
doang,saja
misuhmisuh,menggerutu
sunset,matahari terbenam
makananannya,makanannya
abisnya,habisnya
deadline,tenggat waktu
restoranrestoran,restoran-restoran
yasudahlah,ya sudah
drive,layanan melalui kendaraan
thru,<nan>
soksikan,saksikan
ayok,ayo
loronglorong,lorong-lorong
gubug,gubuk
lagulagunya,lagu-lagunya
food,makanan
chinese,tiongkok
indoor,dalam
ngge,ngga
pastapasta,pasta-pasta
tinggitinggi,tinggi-tinggi
samasama,sama-sama
bisabisa,bisa-bisa
bolak,bolak balik
hehehehe,hehe
order,pesan
relaks,santai
pda,pada
overpriced,terlalu mahal
nyicip,mencicipi
hargaharga,harga-harga
swieke,swike
kepedasan,kepedesan
berbedabeda,berbeda-beda
rp,rupiah
pakek,pakai
pengin,ingin
capture,tangkapan layar
muteer,mutar
kepepet,terdesak
kerlip,kerlipan
malammalam,malam-malam
indonesian,indonesia
teregistrasi,teregistrasi
excellent,sempurna
butcehr,butcher
stiabudhi,setiabudi
frencfries,kentang goreng
so,jadi
eror,bermasalah
lumpiah,lumpia
booked,sudah pesan
ributribut,ribut-ribut
flash,diskon besar
unyil,kecil
award,penghargaan
bakarbakaran,bakar-bakaran
25000,25 ribu
diputer,diputar
mah,<nan>
duaduanya,dua-duanya
woy,<nan>
flat,rata
tastenya,rasanya
gaenak,tidak enak
isian,isinya
ehmmmm,<nan>
branding,merek
mewek,menangis
mienya,minya
top,mantap
counter,stan
garagara,gara-gara
1748,lima lewat empat puluh delapan
dicek,diperiksa
budget,anggaran
hehehe,hehe
live,<nan>
dll,dan lain lain
roomnya,ruangannya
nongkrongnongkrong,bersosialisasi
not,cukup baik
bad,<nan>
sadarsadar,sadar-sadar
cuy,<nan>
jumbo,besar
95000,95 ribu
pickup,diambil
lo,kamu
oon,bodoh
napsu,nafsu
ohya,oh ya
kasi,kasih
190000,190 ribu
maxi,maxis
s,<nan>
pondokpondok,pondok-pondok
gado,gado-gadonya
gadonya,<nan>
isteri,istri
5000,5 ribu
jamjam,jam-jam
baguus,bagus
traveler,pengembara
tmpt,tempat
tb2,tiba-tiba
kdg,kadang
pra,prabayar
14000,14 ribu
piringpiring,piring-piring
menrayakan,merayakan
bervariatif,bervariasi
v,5
average,rata-rata
telor,telur
ga,tidak
sauce,saus
potatto,kentang
saung2,saung-saung
sundanese,sunda
kadangkadang,kadang-kadang
marahmarah,marah-marah
lamalama,lama-lama
pelayannannya,pelayanannya
cahsback,cashback
j,juta
uta,<nan>
500k,500 ribu
cc,kartu kredit
copot,dilepas
dpt,dapat
secretary,sekretaris
indomi,indomie
dicaricari,dicari-cari
dngan,dengan
sby,surabaya
bnywangi,banyuwangi
kedipkedip,kedip-kedip
berlamalama,berlama-lama
galau,sedih
story,cerita
mm,<nan>
kamikami,kami
minya,mienya
bisabisanya,bisa-bisanya
buanyak,banyak
sampe,sampai
fotofoto,foto-foto
job,tampil
internetan,memakai internet
motoran,naik motor
item,buah
ngeplay,memulai
stories,cerita
loadingnya,memuatnya
gunaka,gunakan
kecemplung,terjatuh
ngebut,cepat
besarbesar,besar-besar
complaint,komplain
sumatera,sumatra
sweeping,menyapu
turis,wisatawan
okay,oke
kursikursi,kursi-kursi
balikin,kembalikan
nelp,menelpon
bersiapsiap,bersiap-siap
asemnya,asamnya
respeknya,menghormati
indominya,indomie
diketerangan,diberikan keterangan
pingin,ingin
masmasnya,mas-masnya
blubup,<nan>
2baso,2 bakso
berulangulang,berulang-ulang
refreshing,menyegarkan
real,asli
settingan,rekayasa
duh,aduh
saos,saus
wekkend,liburan
rating,nilai
sodara,saudara
jogya,jogja
sejam,satu jam
dalem,dalam
reservation,reservasi
abiz,sekali
hhe,hehe
soksokan,berlagak
ktpel,ketapel
instal,install
uninstal,uninstall
bawaannya,asli
gede,besar
telalu,terlalu
komen,komentar
tripadvisor,trip advisor
bersihbersih,bersuh-bersuh
udah,sudah
kilo,kg
2x,2 kali
diajakin,diajak
perjalanana,perjalanan
desert,makanan penutup
helpul,membantu
direspons,direspon
setimpallah,sebanding
macammacam,macam-macam
sedapnya,enak
phisik,fisik
wow,<nan>
jam6,jam 6
e,<nan>
dibooking,dipesan
juice,jus
dimasalahkan,dipermasalahkan
macemmacem,macam-macam
shop,toko
doyan,suka
luarbiasa,luar biasa
sebenarbenarnya,sebenar-benarnya
especially,khususnya
chiken,ayam
markotop,enak
dimata,di mata
diskip,dilewati
memlilih,memilih
bukittinggi,bukit tinggi
jalanjalan,jalan-jalan
juicy,berair
mengantre,mengantri
punten,permisi
senen,senin
seprai,penutup tempat tidur
msih,masih
omongnya,berkata
emang,memang
iyasi,iya
ngadepin,menghadapi
ngomelngomel,mengeluh
kopong,kosong
keptingnya,kepitingnya
kongkowkongkow,bersosialisasi
mengasyikkan,asik
puasnya,puas
pintarpintar,pintar-pintar
berkelokkelok,berkelok-kelok
janjijanji,janji-janji
seiprit,sangat kecil
ema,ibu
yooyee,<nan>
1800an,1800
review,menilai
mmm,<nan>
yummi,enak
kirakira,kira-kira
lainlain,lain-lain
unlimited,tidak terbatas
restaurant,restoran
berkordinasi,berkoordinasi
nyesek,sesak
busnya,bus
putihtrus,putih terus
yaah,<nan>
didiskon,diberikan diskon
mengunakan,menggunakan
setipe,satu tipe
makimaki,maki-maki
hape,handphone
boskuh,bos
maps,peta
goyanggoyang,goyang-goyang
sebanyakbanyaknya,sebanyak-banyaknya
nangisnangis,nangis-nangis
ngadu,mengadu
ee,<nan>
pilhan,pilihan
spesialnyanya,spesialnya
lumayam,lumayan
medium,sedang
tea,the
namanyan,namanya
jg,juga
soresore,sore-sore
crispy,garing
tcash,uang
12500,12 ribu
h,<nan>
mejameja,meja-meja
february,februari
caloncalon,calon-calon
kemenangannya,kemenangannya
ecekecek,kecil
waraskah,waras tidak
mix,campur
restaurat,restoran
dipack,dikemas
doi,dia
siapasiapanya,siapa-siapanya
delivery,antar
bener,benar
3x,3 kali
budgetnya,anggarannya
ribet,rumit
mitramitra,mitra-mitra
karyawanya,karyawannya
doooooonk,<nan>
warnawarni,warna-warni
gulai,sapu lidi
maknyus,enak
cabikcabik,cabuk-cabik
vs,melawan
recomend,direkomendasikan
jauhjauh,jauh-jauh
garinggaringnya,garing-garingnya
betulbetul,betul-betul
koleksikoleksi,koleksi-koleksi
cafecafe,kafe-kafe
gorenggoreng,goreng-goreng
belabelain,menyempatkan diri
830,delapan lewat tiga puluh
tepar,lelah
verified,telah diverifikasi
by,oleh
max,maksimal
favourite,favorit
orange,jeruk
paspasan,pas-pasan
ringanringan,ringan-ringan
picture,foto
afdol,ideal
bertanyatanya,bertanya-tanya
sangatsangat,sangat-sangat
bedabeda,berbeda-beda
dilihatlihat,dilihat-lihat
kocek,berfungsi
aktifasi,aktivasi
php,tipu
songongsongong,sombong
yuummy,enak
5500,lima ribu lima ratus
bertahuntahun,bertahun-tahun
santaisantai,santai-santai
rica2nya,rica-ricanya
pedaspedas,pedas-pedas
baterenya,baterainya
makananmakanan,makanan-makanan
becus,cakap
poolside,pinggir kolam
kecapekan,kelelahan
dijualkan,dijual
seakanseakan,seakan-akan
beuh,<nan>
rapatrapat,rapat-rapat
masukmasuk,masuk-masuk
berjalanjalan,berjalan-jalan
bandunh,bandung
shabushabu,shabu-shabu
mendingan,lebih baik
rukoruko,ruko-ruko
menhabiskan,menghabiskan
hatihati,hati-hati
wuooow,<nan>
gitugitu,gitu-gitu
kayukayu,kayu-kayu
ojol,ojek online
eneg,mual
foodcourtnya,tempat makan
viewnya,pemandangannya
amazing,menakjubkan
sing,singgah
lawangwanginya,lawang wanginya
lawangwangi,lawang wanginya
menyerupai,lengkap
lkp,lengkap
komikkomik,komik-komik
seriusan,serius
promopromo,promo-promo
cafenya,kafenya
disupermarket,di supermarket
barangbarang,barang-barang
brandednya,barang bermereknya
ramairamai,ramai-ramai
disuggest,disarankan
beterbangan,berterbangan
berharihari,berhari-hari
mesan,pesan
ticket,tiket
konfirmnya,konfirmasinya
langsungnya,langsung
smuanya,semuanya
decline,ditolak
ngaku,mengaku
biasabiasanya,biasa-biasanya
wassalam,sangat
sebenrnya,sebenarnya
seolaholah,seolah-olah
ngambek,marah
bangetlah,sekali
ngehank,bermasalah
mengikuuti,mengikuti
indoneisa,indonesia
submit,masuk
artikle,artikel
unpublished,tidak dipublikasi
cupu,lemah
connect,tersambung
seenak,sebanding dengan
pengontrol,pengawas
special,spesial
hiduphidup,hidup-hidup
bookingnya,pesannya
nelepon,menelepon
gini,begini
siasia,sia-sia
hm,<nan>
tanyatanya,tanya-tanya
hpnya,handphonenya
sebrang,seberang
kacakacanya,kaca-kacanya
rantingranting,ranting-ranting
abiiis,abis
anw,<nan>
diprosesproses,diproses-proses
gate,gerbang
kuekuenya,kue-kuenya
update,perbarui
roemah,rumah
direstoran,di restoran
sialannnnnnn,sialan
waitressnya,pelayannya
gitulah,begitulah
problem,masalah
dm,pesan
reserved,telah dipesan
picnic,piknik
ngopingopi,minum kopi
yg,yang
history,riwayat
asalasalan,asal-asalan
nabrak,menabrak
eheehe,hehe
prewed,pra-nikah
sobat,sahabat
selambatlambatnya,selambat-lambatnya
taunya,tahunya
crew,pelayan
gopek,500 perak
gule,gulai
kreatifitas,kreativitas
poling,pilihan
recommended,direkomendasikan
wkwkwkwk,haha
seh,sih
dmulai,dimulai
ck,<nan>
to,untuk
visit,datang
here,kesini
terusmenerus,terus-menerus
bagusbagus,bagus-bagus
juicenya,jusnya
musicnya,musiknya
cafe,kafe
chocolate,coklat
devicenya,alatnya
kelembekan,terlalu lembek
nunggunya,menunggu
authentic,otentik
comfortable,nyaman
cremes,kremes
55000,55 ribu
30000,30 ribu
under,dibawah
estimate,estimasi
dech,<nan>
mantaps,mantap
yup,<nan>
antardaerah,antar daerah
kekurangpahaman,kurang pahamnya
monitoring,memantau
penggunaanpemanfaatan,penggunaan pemanfaatan
kabupatenkota,kabupaten kota
daerahdaerah,daerah daerah
antarprovinsi,antar provinsi
laporanlaporan,laporan-laporan
buktibukti,bukti-bukti
contohcontoh,contoh-contoh
bolakbalik,bolak-balik
masyarakatkependidikan,masyarakat pendidikan
unitunit,unit-unit
sekolahmadrasah,sekolah madrasah
sekolahsekolah,sekolah-sekolah
i,1
ii,2
iii,3
berperanserta,berkontribusi
unsurunsur,unsur-unsur
terkoordinir,terkoordinasi
respons,respon
tidakjelasnya,tidak jelasnya
sendirisendiri,sendiri-sendiri
programprogram,program-program
fenomenafenomena,fenomena-fenomena
indikasiindikasi,indikasi-indikasi
periodeperiode,periode-periode
penerimaannya,penerimaannya
antarsekolah,antar sekolah
kegiatankegiatan,kegiatan-kegiatan
belajarmengajar,belajar mengajar
bukubuku,buku-buku
apk,aplikasi
upayaupaya,upaya-upaya
transpor,transportasi
tergesagesa,tergesa-gesa
saransaran,saran-saran
no,nomor
viii,8
banklembaga,bank lembaga
ixdana,9 dana
xi,9
xiv,14
xxi,21
xxvi,24
kondisikondisi,kondisi-kondisi
provinsiprovinsi,provinsi-provinsi
desadesa,desa-desa
iv,6
hasilhasil,hasil-hasil
nonformal,tidak formal
obatobatan,obat-obatan
kioskios,kios-kios
negera,negara
dikelompokkan,hektar
antarkota,antar kota
sayursayuran,sayur-sayuran
negaranegara,negara-negara
keluargakeluarga,keluarga-keluarga
berbatubatu,berbatu-batu
diaspalkan,diaspal
vii,7
lakilaki,laki-laki
berimbang,seimbang
separo,separuh
vi,6
tokotoko,toko-toko
perdesaan,pedesaan
buruhpekerja,buruh pekerja
prakelahiran,pra kelahiran
pascakelahiran,pasca kelahiran
rumahrumah,rumah-rumah
kreditpinjaman,kredit pinjaman
kekurangtercakupan,kurang cangkupan
undercoverage,<nan>
nonmiskin,tidak miskin
sejahtra,sejahtera
akademiuniversitas,akademi universitas
berturutturut,berturut-turut
kesemua,ke semua
bermatapencaharian,bermata pencaharian
kirimantransfer,kiriman transfer
perbedaanperbedaan,perbedaan-perbedaan
ix,9
spesifiklokal,spesifik lokal
antardusun,antar dusun
prasejahtera,pra sejahtera
desakelurahan,desa kelurahan
kanakkanak,anak-anak
ustad,ustaz
sedeng,sedang
pisan,sekali
x,10
pembantuburuhkenek,pembatu buruh kenek
sugih,kaya
sedheng,sedang
gedhek,besar
nyalur,<nan>
pekerjaanpekerjaan,pekerjaan-pekerjaan
kurangmiskin,kurang miskin
kecilkeliling,kecil keliling
m,<nan>
danatau,dan atau
ciriciri,ciri ciri
dusu,dusun
baseline,dasar
supply,suplai
demand,permintaan
bumil,ibu hamil
kia,kesehatan ibu dan anak
sdsd,sd sd
jebol,hancur
bangkubangkunya,bangku-bangkunya
alatalat,alat alat
alasanalasan,alasan-alasan
temuantemuan,temuan-temuan
pemeriksaaan,pemeriksaan
field,<nan>
notes,<nan>
tahunankeras,tahunan keras
ibuibu,ibu-ibu
antardesa,antar desa
indikatorindikator,indikator-indikator
wilayahwilayah,wilayah-wilayah
rsu,rumah sakit umum
seia,seiya
semau-maunya,semaunya
kecerdasan-nya,kecerdasannya
diberikan-nya,diberikannya
ceritera-ceritera,cerita-cerita
memeriksa-nya,memeriksanya
lenan,linen
berkilau-kilauan,berkilauan
ajarlah,ajarkan
sesawi,sawi-sawi
dilarang-nya,dilarangnya
ihwalku,hal
kepada-mu,kepadamu
tempat-ku,tempatku
angkatan-angkatan,angkatan
nabi-nabi-nya,nabi-nabinya
dipegang-nya,dipegangnya
tegorlah,tegurlah
diutus-nya,diutusnya
suara-ku,suaraku
kasut,alas kaki
perintah-nya,perintahnya
kaukatakan,kau katakan
serta-nya,sertanya
pentahiran,penahiran
menyerahkan-nya,menyerahkannya
asal-nya,asalnya
mata-nya,matanya
jawab-mu,jawabmu
puteri-puteri,putri-putri
zinahnya,zinanya
pengajaran-mu,pengajaranmu
penghakiman-mu,penghakimanmu
kepunyaan-nya,kepunyaanya
menerima-nya,menerimanya
jalan-ku,jalanku
kerelaan-nya,kerelaannya
pulalah,pula
kedatangan-nya,kedatangannya
memeterai,mengecap
injil-nya,injilnya
melayani-nya,melayaninya
kasut-nya,sepatunya
dididik,di didik
umat-mu,umatmu
bermupakat,bermufakat
kauminta,kau minta
kaulihat,kau lihat
disalahkan-nya,disalahkannya
atas-nya,atasnya
didapati-nya,didapatinya
mahamulia,maha mulia
kepada-nyalah,kepadanya lah
bersorak-sorai,bersorak-sorak
pengantin-nya,pengantinnya
hati-nya,hatinya
kudus-nya,kudusnya
oleh-nya,olehnya
mengenal-nya,mengenalnya
muka-nya,mukanya
berlain-lainan,berbeda
murid-ku,muridku
sajakah,saja kah
berduyun-duyun,berbondong-bondong
kaukehendaki,kau kehendaki
kemurahan-nya,kemurahannya
tempat-nya,tempatnya
kauberitahukan,kau beritahukan
mengapani,mengkafani
tanda-tanda-nya,tanda-tandanya
bapa-nya,bapanya
samping-nya,sampingnya
bagi-nya,baginya
dekat-nya,dekatnya
mengetok,mengetuk
perkataan-ku,perkataanku
kediaman-nya,kediamannya
partia,kelompok
hamba-mu,hambamu
diingini-nya,diingininya
kesaksian-ku,kesaksianku
menilai-nya,menilainya
dijanjikan-nya,dijanjikannya
hari-ku,hatiku
kehinaan-nya,kehinaanya
hukuman-nya,hukumannya
usul-nya,usulnya
asal-ku,asalku
kehendak-ku,kehendakku
tua-nya,tuanya
keadaan-nya,keadaanya
kekayaan-nya,kekayaannya
firman-mu,firmanmu
menjamah-nya,menjamahnya
malaikat-nya,malaikatnya
kaukutuk,kau kutuk
kukehendaki,ku kehendaki
mengasihi-nya,mengasihinya
sekeliling-nya,sekelilingnya
jejak-nya,jejaknya
darah-nya,darahnya
mati-nya,matinya
diletakkan-nya,diletakkannya
kauperbuat,kau perbuat
bintang-nya,bintangnya
diberi-nya,diberinya
dikehendaki-nya,dikehendakinya
nyawa-ku,nyawaku
roh-nya,rohnya
pekerjaan-ku,pekerjaanku
o,<nan>
keputusan-keputusan-nya,keputusan-keputusannya
jalan-jalan-nya,jalan-jalannya
kematian-nya,kematiannya
menyebut-nya,menyebutnya
hidup-nya,hidupnya
menangkap-nya,menangkapnya
umur-mu,umurmu
menjerat-nya,menjeratnya
kanan-nya,kanannya
sukacita-ku,sukacitaku
tubuh-nya,tubuhnya
ajaran-ku,ajaranku
hujat-nya,hujatnya
menyembah-nya,menyembahnya
hadapan-ku,hadapanku
hari-nya,harinya
dianugerahkan-nya,dianugerahkannya
kesaksian-nya,kesaksiannya
imamat-nya,imamatnya
perjanjian-ku,perjanjianku
kerajaan-ku,kerajaanku
hamba-hamba-ku,hamba-hambaku
perintah-perintah-nya,perintah-perintahnya
keluarga-nya,keluarganya
anak-anak-nya,anak-anaknya
kasihan-nya,kasihannya
dipersiapkan-nya,dipersiapkannya
saudara-ku,saudaraku
kehendak-mu,kehendakmu
perhentian-nya,perhentiannya
dalam-nya,dalamnya
ditiadakan-nya,ditiadakannya
dikasihi-nya,dikasihinya
menyatakan-nya,menyatakannya
hikmat-nya,hikmatnya
besar-nya,besarnya
panggilan-nya,panggilannya
makanan-ku,makananku
pekerjaan-nya,pekerjaannya
menjawab-nya,menjawabnya
hadapan-nya,hadapannya
ram,<nan>
kekerasan-nya,kekerasannya
sahabat-ku,sahabatku
pelayan-pelayan-nya,pelayan-pelayannya
memberitakan-nya,memberitakannya
kaunasihati,kau nasehati
membaringkan-nya,membaringkannya
telinga-nya,telinganya
jemaat-ku,jemaatku
tulang-nya,tulangnya
ilahi-nya,ilahinya
kudus-mu,kudusmu
rumah-ku,rumahku
meninju-nya,meninjunya
kauajarkan,kau ajarkan
bantuan-nya,bantuannya
mendekati-nya,mendekatinya
disembuhkan-nya,disembuhkannya
dihamburkan-nya,dihamburkannya
dibalikkan-nya,dibalikkannya
pakaian-ku,pakaianku
jubah-ku,jubahku
kepala-ku,kepalaku
sahabat-sahabat-ku,sahabat-sahabatku
mujizat-mujizat-nya,mukjizat-mukjizatnya
sejahtera-ku,sejahteraku
upah-ku,upahku
saksi-nya,saksinya
kaudengar,kau dengar
membunuh-nya,membunuhnya
ibu-ku,ibuku
saudara-saudara-ku,saudara-saudaraku
disuruh-nya,disuruhnya
diambil-nya,diambilnya
gua-gua,goa-goa
hakekatnya,hakikatnya
kata-mu,katamu
tangan-mu,tanganmu
pandangan-nya,pandangannya
maksud-nya,maksudnya
pengirikan-nya,pengerikannya
gandum-nya,gandumnya
lumbung-nya,lumbungnya
dibakar-nya,dibakarnya
urusan-mu,urusanmu
sekonyong-konyong,tiba-tiba
mendahului-nya,mendahuluinya
waktu-ku,waktuku
menghina-nya,menghinanya
murka-nya,murkanya
dibagi-bagikan-nya,dibagi-bagikannya
salib-nya,salibnya
dilimpahkan-nya,dilimpahkannya
umat-ku,umatku
kesempurnaan-nya,kesempurnaannya
gambar-nya,gambarnya
murka-ku,murkaku
dibuat-nya,dibuatnya
diusir-nya,diusirnya
dibawa-nya,dibawanya
dijadikan-nya,dijadikannya
roh-ku,rohku
teruna-terunamu,pemuda-pemudamu
ditetapkan-nya,ditetapkannya
ditunjukkan-nya,ditunjukkannya
oleh-mu,olehmu
daging-ku,dagingku
hamba-hamba-mu,hamba-hambamu
bapa-kulah,bapakku
mencuri-nya,mencurnya
difirmankan-nya,difirmankannya
membangkitkan-nya,membangkitkannya
korban-nya,korbannya
suci-nya,sucinya
kemah-nya,kemahnya
asal-mu,asalmu
meludahi-nya,meludahinya
mulut-ku,mulutku
pendapat-mu,pendapatmu
dipilih-nya,dipilihnya
kuasa-ku,kuasaku
jari-nya,jarinya
kemuliaan-ku,kemuliaanku
kebenaran-nya,kebenarannya
kaupancing,kau pancing
saat-ku,saatku
kanan-ku,kananku
kiri-ku,kiriku
perantaraan-nya,perantaraannya
musuh-musuh-nya,musuh-musuhnya
keilahian-nya,keilahiannya
karya-nya,karyanya
ludah-nya,ludahnya
kerajaan-mu,kerajaanmu
kanan-mu,kananmu
kiri-mu,kirimu
peluh-nya,peluhnya
pelayan-ku,pelayanku
roti-ku,rotiku
mengikuti-nya,mengikutinya
kebaikan-nya,kebaikannya
kausangka,kau sangka
mayat-nya,mayatnya
diperoleh-nya,diperolehnya
kesaksian-mu,kesaksianmu
kepergian-nya,kepergiannya
digenapi-nya,digenapinya
menghimpit-nya,menghampitnya
menatang-nya,menatanya
disampaikan-nya,disampiakannya
depan-nya,depannya
tahun-tahun-mu,tahun-tahunmu
hadirat-mu,hadiratmu
darah-mu,darahmu
penguburan-ku,penguburanku
amarah-mu,amarahmu
rencana-nya,rancananya
mendapatkan-nya,mendapatkannya
jalan-mu,jalanmu
diakui-nya,diakuinya
penghakiman-ku,penghakimanku
memancing-nya,memancingnya
diucapkan-nya,diucapkannya
sabit-mu,sabitmu
harapan-nya,harapannya
rupa-nya,rupanya
bilur-bilur-nya,bilur-bilurnya
melahirkan-nya,melahirkannya
mengutus-nya,mengutusnya
penyataan-nya,pernyataanya
wajah-nya,wajahnya
keadilan-nya,keadilannya
rambut-nya,rambutnya
kesenangan-nya,kesenangannya
mengerumuni-nya,mengerumuninya
mendengarkan-nya,menderngarkannya
lambung-ku,lambungku
ditaklukkan-nya,ditaklukkannya
diperingatkan-nya,diperingatkannya
membanjiri-nya,membanjirinya
menyalahkan-nya,menyalahkannya
dekat-mu,dekatmu
bangsa-mu,bangsamu
pinggang-nya,pinggangnya
tubuh-ku,tubuhku
perkataan-mu,perkataanmu
dikerjakan-nya,dikerjakannya
hamba-ku,hambaku
jiwa-ku,jiwaku
malaikat-ku,malaikatku
kiri-nya,kirinya
mencium-nya,menciumnya
membantah-nya,membantahnya
dikaruniakan-nya,dikaruniakannya
kemiskinan-nya,kemiskinannya
difahami,dipahami
rumah-mu,rumahmu
doa-nya,doanya
pelayanan-nya,pelayanannya
nabi-nabi-mu,nabi-nabimu
mezbah-mezbah-mu,mezbah-mezbahmu
terang-nya,terangnya
beban-ku,bebanku
karunia-ku,karuniaku
memukuli-nya,memukulinya
mendesak-nya,mendesaknya
menutup-nya,menutupnya
anak-mu,anakmu
kekudusan-nya,kekudusannya
mengelilingi-nya,mengelilinginya
rasul-rasul-nya,rasul-rasulnya
kauhiburkan,kau hiburkan
orang-ku,orangku
lawan-nya,lawannya
bertakhta,bertahta
cawan-ku,cawanku
ciptaan-nya,ciptaannya
disebut-nya,disebutnya
pemilihan-nya,pemilihannya
daging-nya,dagingnya
memusuhi-nya,memusuhinya
leluhur-nya,leluhurnya
perjanjian-nya,perjanjiannya
penasihat-nya,penasihatnya
milik-mu,milikmu
perjalanan-ku,perjalananku
jamuan-ku,jamuanku
dipotong-nya,dipotongnya
dibersihkan-nya,dibersihkannya
menyelamatkan-nya,menyelamatkannya
kesalehan-nya,kesalehannya
takhta-nya,tahtanya
kemurkaan-nya,kemurkaannya
tentara-nya,tentaranya
pekerjaan-mu,pekerjaanmu
dilaksanakan-nya,dilaksanakannya
ditinggikan-nya,ditinggikannya
kepenuhan-nya,kepenuhannya
dikasihani-nya,dikasihaninya
kesabaran-nya,kesabarannya
dilihat-nya,dilihatnya
perbuatan-perbuatan-ku,perbuatan-perbuatanku
dikuduskan-nya,dikuduskannya
kemuliaan-mu,kemuliaanmu
pengurapan-nya,pengurapannya
kauingini,kau ingini
isteriku,istriku
kaulahirkan,kau lahirkan
diterima-nya,diterimanya
sabit-nya,sabitnya
musuh-nya,musuhnya
mengambil-nya,mengambilnya
kauikuti,kau ikuti
dicurahkan-nya,dicurahkannya
kuasa-mu,kuasamu
takhta-mu,tahta mu
milik-ku,milikku
kebiasaan-nya,kebiasaannya
luka-lukanya,luka-lukanya
ditangan-nya,ditangannya
paha-nya,pahanya
mencela-nya,mencelanya
kautegor,kau tegur
putusan-nya,putusannya
diderita-nya,dideritanya
juruselamatku,juru selamatku
sekutu-mu,sekutumu
pertolongan-nya,pertolongannya
menyalibkan-nya,menyalibkannya
kehidupan-nya,kehidupannya
kaubaca,kau baca
bawah-nya,bawahnya
kauikat,kau ikat
kaulepaskan,kau lepaskan
diperdamaikan-nya,diperdamaikannya
diputuskan-nya,diputuskannya
dipadamkan-nya,dipadamkannya
allah-ku-allah-ku,allahku allahku
kota-nya,kotanya
kedatangan-mu,kedatanganmu
sejahtera-nya,sejahteranya
dikunjungi-nya,dikunjunginya
yoÃƒÂ«l,<nan>
kaucurahkan,kau curahkan