,bab,ayat,jawa,indo
0,Ratapan 1,0,Gempure lan sepine Yerusalem,Keruntuhan dan kesunyian Yerusalem
1,Ratapan 1,1,"Adhuh lae, kutha iku kok sepi temen, kang dhek biyen reja banget! Wus dadi kaya randha kang maune linuwih ana ing satengahe para bangsa. Kang biyen dadi ratune kutha-kutha, saiki dadi jajahan.","Ah, betapa terpencilnya kota itu, yang dahulu ramai! Laksana seorang jandalah ia, yang dahulu agung di antara bangsa-bangsa. Yang dahulu ratu di antara kota-kota, sekarang menjadi jajahan."
2,Ratapan 1,2,"Ing wayah bengi nangis kelara-lara, pipine adus luh; ing antarane para kang nresnani, ora ana siji bae kang aweh panglipur. Mitrane kabeh wus padha nyidrani, wus malih dadi satrune.","Pada malam hari tersedu-sedu ia menangis, air matanya bercucuran di pipi; dari semua kekasihnya, tak ada seorangpun yang menghibur dia. Semua temannya mengkhianatinya, mereka menjadi seterunya."
3,Ratapan 1,3,"Yehuda wus ditinggal dening kang padha ngenggoni, marga saka sangsara lan saka abote anggone dikawulakake; saiki dumunung ing antarane para bangsa, ewadene ora bisa oleh katentreman; sapa bae kang nempuh bisa ngejegi ing mangsa nemahi karubedan.","Yehuda telah ditinggalkan penduduknya karena sengsara dan karena perbudakan yang berat; ia tinggal di tengah-tengah bangsa-bangsa, namun tidak mendapat ketenteraman; siapa saja yang menyerang dapat memasukinya pada saat ia terdesak."
4,Ratapan 1,4,"Dalan-dalan kang anjog ing Sion kebak prihatin, marga ora ana kang padha nekani riyaya, gapurane sepi nyenyet kabeh, para imame padha ngesah, para prawane padha sedhih, dene Sion dhewe pepes atine.","Jalan-jalan ke Sion diliputi dukacita, karena pengunjung-pengunjung perayaan tiada; sunyi senyaplah segala pintu gerbangnya, berkeluh kesahlah imam-imamnya; bersedih pedih dara-daranya; dan dia sendiri pilu hatinya."
5,Ratapan 1,5,"Para mungsuhe padha nguwasani, lan satrune padha seneng-seneng. Pranyata Sion diganjar kasusahan dening Pangeran Yehuwah, marga akeh panerake; anak-anake padha lumaku ana ing ngarepe satrune kayadene tawanan.","Lawan-lawan menguasainya, seteru-seterunya berbahagia. Sungguh, TUHAN membuatnya merana, karena banyak pelanggarannya; kanak-kanaknya berjalan di depan lawan sebagai tawanan."
6,Ratapan 1,6,"Putri ing Sion wus koncatan kamulyane kabeh, para pemimpine padha kaya menjangan kang ora nemu panggonan kanggo nyenggut; nglentroh anggone lumaku, ana ing ngarepe kang ngoyak-oyak.",Lenyaplah dari puteri Sion segala kemuliaannya; pemimpin-pemimpinnya bagaikan rusa yang tidak menemukan padang rumput; mereka berjalan tanpa daya di depan yang mengejarnya.
7,Ratapan 1,7,"Ing dinane kasangsaran lan kasusahan Yerusalem kelingan marang sakehing raja-brana kang dadi duweke dhek biyen; nalika wonge katelukake dening mungsuh, lan ora ana kang mitulungi, para satrune padha nyawang lan padha gumuyu, marga saka karusakane.","Terkenanglah Yerusalem, pada hari-hari sengsara dan penderitaannya, akan segala harta benda yang dimilikinya dahulu kala; tatkala penduduknya jatuh ke tangan lawan, dan tak ada penolong baginya, para lawan memandangnya, dan tertawa karena keruntuhannya."
8,Ratapan 1,8,"Yerusalem banget anggone gawe dosa, satemah kaanane najis; kabeh kang biyen padha ngajeni, saiki padha ngremehake, marga weruh anggone kawudan; Yerusalem dhewe sambat-sambat kambi mungkur.","Yerusalem sangat berdosa, sehingga najis adanya; semua yang dahulu menghormatinya, sekarang menghinanya, karena melihat telanjangnya; dan dia sendiri berkeluh kesah, dan memalingkan mukanya."
9,Ratapan 1,9,"Kanajisane kelet ing poncoting jubahe, wus ora mikir bab bakal wekasane, anggone tiba kanteb banget, ora ana wong kang nglipur. “Dhuh Yehuwah, mugi karsaa mirsani kasangsaran kawula, margi pun mengsah ngegungaken badanipun piyambak.”","Kenajisannya melekat pada ujung kainnya; ia tak berpikir akan akhirnya, sangatlah dalam ia jatuh, tiada orang yang menghiburnya. ""Ya, TUHAN, lihatlah sengsaraku, karena si seteru membesarkan dirinya!"""
10,Ratapan 1,10,"Si satru gumrageh tangane marang raja-branane Yerusalem kabeh, malah Yerusalem ndeleng para bangsa anggone padha lumebu ing papan pasucene, mangka Paduka, dhuh Yehuwah, sampun ngawisi tiyang-tiyang punika, boten kenging lumebet ing pasamuwan Paduka.","Si lawan mengulurkan tangannya kepada segala harta bendanya; bahkan harus dilihatnya bagaimana bangsa-bangsa masuk ke dalam tempat kudusnya, padahal Engkau, ya TUHAN, telah melarang mereka untuk masuk jemaah-Mu."
11,Ratapan 1,11,"Wong saisine Yerusalem kabeh padha sambat-sambat, padha golek roti; raja-branane diijolake pangan, kanggo nyambung uripe. “Dhuh Yehuwah, mugi karsaa mirsani, dene samanten kanisthan kawula.","Berkeluh kesah seluruh penduduknya, sedang mereka mencari roti; harta benda mereka berikan ganti makanan, untuk menyambung hidupnya. ""Lihatlah, ya TUHAN, pandanglah, betapa hina aku ini!"
12,Ratapan 1,12,"Heh kowe kang padha liwat, apa kowe ora padha mreduli? Sawangen lan tamatna, apa ana kasusahan kaya kang ditandukake dening Pangeran Yehuwah marang aku, supaya aku nandhang sedhih banget, nalika bebendune mulad-mulad?","Acuh tak acuhkah kamu sekalian yang berlalu? Pandanglah dan lihatlah, apakah ada kesedihan seperti kesedihan yang ditimpakan TUHAN kepadaku, untuk membuat aku merana tatkala murka-Nya menyala-nyala!"
13,Ratapan 1,13,"Panjenengane ngintunake geni saka ing dhuwur, kang manjing ing balung-balungku; Panjenengane masang jaring ana ing ngarepe sikilku, aku didhesek mundur, sarta aku digawe kaget, lan kelaran nganti sadina muput.","Dari atas dikirim-Nya api masuk ke dalam tulang-tulangku; dihamparkan-Nya jaring di muka kakiku, didesak-Nya aku mundur; aku dibuat-Nya terkejut, kesakitan sepanjang hari."
14,Ratapan 1,14,"Sakehing panerakku iku pasangan kang abot, sawijining bebuletan, damelaning astane Pangeran, kang ditumpangake ana ing guluku, satemah njalari enteking kakuwatanku. Pangeran wus ngulungake aku marang ing tangane para wong kang aku ora kaconggah nandhingi.","Segala pelanggaranku adalah kuk yang berat, suatu jalinan yang dibuat tangan Tuhan, yang ditaruh di atas tengkukku, sehingga melumpuhkan kekuatanku; Tuhan telah menyerahkan aku ke tangan orang-orang, yang tidak dapat kutentangi."
15,Ratapan 1,15,"Pangeran wus mbucal sakehe para gegedhugku kang ana ing wewengkonku. Pangeran wus damel pista kanggo nglawan marang aku, kanggo nyirnakake para wong nonomanku. Pangeran wus ngidak-ngidak putri Yehuda, para kenya, kaya patrape ngiles-iles meres anggur.","Tuhan membuang semua pahlawanku yang ada dalam lingkunganku; Ia menyelenggarakan pesta menentang aku untuk membinasakan teruna-terunaku; Tuhan telah menginjak-injak puteri Yehuda, dara itu, seperti orang mengirik memeras anggur."
16,Ratapan 1,16,"Marga saka iku aku nangis, mripatku ngetokake luh carocosan, awitdene juru panglipur kang bisa nglejarake atiku wus adoh; anak-anakku padha bingung, marga si satru rosa banget.”","Karena inilah aku menangis, mataku mencucurkan air; karena jauh dari padaku penghibur yang dapat menyegarkan jiwaku; bingunglah anak-anakku, karena terlampau kuat si seteru."""
17,Ratapan 1,17,"Sion ngegarake tangane, nanging ora ana wong kang nglipur; Pangeran Yehuwah wus nglempakake tangga-tanggane, supaya padha nglawan marang Yakub. Yerusalem wus dadi najis, ana ing satengahe mungsuh-mungsuh mau.","Sion mengulurkan tangannya, tetapi tak ada orang yang menghiburnya; terhadap Yakub dikerahkan TUHAN tetangga-tetangganya sebagai lawan. Yerusalem telah menjadi najis di tengah-tengah mereka."
18,Ratapan 1,18,"“Pangeran Yehuwah iku kang leres, awit aku wus mbalela marang pangandikane; heh sakehe bangsa, padha rungokna lan sawangen prihatinku, para wong nonomanku lanang lan wadon wus padha lunga dadi tawanan.","""Tuhanlah yang benar, karena aku telah memberontak terhadap firman-Nya; dengarlah hai segala bangsa, dan lihatlah kesedihanku; dara-daraku dan teruna-terunaku pergi sebagai tawanan."
19,Ratapan 1,19,"Aku ngundang para kang daktresnani, nanging iku padha ngapusi aku, para imamku lan para tuwa-tuwaku, wus padha ngajal kabeh ana ing kutha, nalika padha golek pangan kanggo nyambung uripe.","Aku memanggil kekasih-kekasihku, tetapi mereka memperdayakan aku; imam-imamku dan para tua-tuaku telah mati semuanya di kota, tatkala mencari makan bagi dirinya untuk menyambung hidupnya."
20,Ratapan 1,20,"Dhuh Yehuwah, Paduka mugi karsaa mirsani, anggen kawula ajrih sanget punika, saha anggenipun nyawa kawula ngolang-ngaling punika, manah kawula molak-malik wonten ing nglebet kawula, awitdene kesangeten anggen kawula mbalela, wonten ing jawi anak-anak kawula katumpes dening pedhang, wonten ing salebetipun griya dening sesakit pes.","Ya, TUHAN, lihatlah, betapa besar ketakutanku, betapa gelisah jiwaku; hatiku terbolak-balik di dalam dadaku, karena sudah melampaui batas aku memberontak; di luar keturunanku dibinasakan oleh pedang, di dalam rumah oleh penyakit sampar."
21,Ratapan 1,21,"Paduka mugi karsaa midhangetaken, kadospundi anggen kawula sesambat, mangka boten wonten ingkang nglipur kawula, mengsah-mengsah kawula sami mireng bab kasangsaran kawula, lajeng sami bingah, awit Paduka ingkang ndhatengaken punika! Dinten ingkang sampun Paduka undhangaken punika mugi kadhatengna, saha mengsah-mengsah wau mugi sami dadosa kados kawula!","Dengarlah bagaimana keluh kesahku, sedang tiada penghibur bagiku; seteru-seteruku mendengar tentang kecelakaanku, mereka gembira karena Engkau yang mendatangkannya! Datanglah kiranya hari yang telah Engkau umumkan itu, dan biarlah mereka menjadi seperti aku!"
22,Ratapan 1,22,"Piawonipun sadaya mugi sumengkaa dhateng ing ngarsa Paduka, saha tiyang-tiyang wau lajeng mugi sami Paduka etrapi punapa ingkang sampun Paduka tandukaken dhateng kawula, margi saking kathahipun duraka kawula; awit kathah panggresah kawula, sarta manah kawula nandhang sakit.”","Biarlah segala kejahatan mereka datang ke hadapan-Mu, dan perbuatlah kepada mereka, seperti Engkau telah perbuat kepadaku oleh karena segala pelanggaranku; karena banyaklah keluh kesahku, dan pedih hatiku."""
23,Ratapan 2,0,Bebendune Gusti Allah marang Sion,Murka Allah terhadap Sion
24,Ratapan 2,1,"Adhuh lae, putri Sion, banget temen anggone kinemulan ing mendhung dening Pangeran ing sajroning bebendune, kamulyane Israel wus kabuwang Panjenengane saka ing langit menyang ing bumi. Ancik-anciking sampeyane ora diengeti nalika Panjenengane duka.","Ah, betapa Tuhan menyelubungi puteri Sion dengan awan dalam murka-Nya! Keagungan Israel dilemparkan-Nya dari langit ke bumi. Tak diingat-Nya akan tumpuan kaki-Nya tatkala Ia murka."
25,Ratapan 2,2,"Pangeran nyirnakake sakehe pategalane Yakub, ora nganggo pinaringan sih-piwelas. Panjenengane ing sajroning bramatyane nggempuri sakehe betenge putri ing Yehuda. Karajan dalah para panggedhene padha kabanting ing bumi lan didamel sawiyah-wiyah.",Tanpa belas kasihan Tuhan memusnahkan segala ladang Yakub. Ia menghancurkan dalam amarah-Nya benteng-benteng puteri Yehuda. Ia mencampakkan ke bumi dan mencemarkan kerajaan dan pemimpin-pemimpinnya.
26,Ratapan 2,3,"Marga saka mulad-mulading bebendune, sakehe sungune Israel padha dipokahi, nalika mungsuh wus cedhak Pangeran ngingkedake astane tengen, Panjenengane mbesmi Yakub kaya geni kang mulad-mulad kang mangsa ing sakubenge.","Dalam murka yang menyala-nyala Ia mematahkan segala tanduk Israel, menarik kembali tangan kanan-Nya pada waktu si seteru mendekat, membakar Yakub laksana api yang menyala-nyala, yang menjilat ke sekeliling."
27,Ratapan 2,4,"Pangeran menthang gandhewane kaya mungsuh, lan ngacungake astane tengen kaya satru, mateni sakabehe kang nengsemake pandeleng kang ana ing tarube putri Sion, bebendune kaesokake kayadene geni.","Ia membidikkan panah-Nya seperti seorang seteru dengan mengacungkan tangan kanan-Nya seperti seorang lawan; membunuh segala yang menyenangkan mata dalam kemah puteri Sion, memuntahkan geram-Nya seperti api."
28,Ratapan 2,5,"Pangeran wus malih dadi kaya mungsuh, Israel kalebur, sakehing kedhatone karemuk, beteng-betenge padha kadadekake gempuran, kasusahan lan pasambate putri ing Yehuda kadadekake akeh.","Tuhan menjadi seperti seorang seteru; Ia menghancurkan Israel, meremukkan segala purinya, mempuingkan benteng-bentengnya, memperbanyak susah dan kesah pada puteri Yehuda."
29,Ratapan 2,6,"Tarube piyambak karusak kaya kebon, papan masamuwane kabubrah. Ana ing Sion Pangeran Yehuwah wus damel laline wong marang riyaya lan sabat, raja lan imam wus padha ditampik, marga saka bramatyane.","Ia melanda kemah-Nya seperti kebun, menghancurkan tempat pertemuan-Nya. Di Sion TUHAN menjadikan orang lupa akan perayaan dan sabat, dan menolak dalam kegeraman murka-Nya raja dan imam."
30,Ratapan 2,7,"Pangeran mbucal misbyahe piyambak, pasucene katilar, temboking kadhatone padha dipasrahake marang ing tangane mungsuh; mungsuh mau padha ngumbar swara ana ing Padalemaning Allah, memper kaya kramean ing dina riyaya.","Tuhan membuang mezbah-Nya, meninggalkan tempat kudus-Nya, menyerahkan ke dalam tangan seteru tembok puri-purinya. Teriakan ramai mereka dalam Bait Allah seperti keramaian pada hari perayaan jemaah."
31,Ratapan 2,8,"Pangeran Yehuwah wus damel putusan ndadekake gempuran balowartine putri Sion, kabeh wus diukur srana tali ukuran, astane ora mingsed saka anggone bakal ngrisak, balowarti ing jaba lan ing jero padha kadadekake ngadhuh-adhuh lan ngenes kabeh.","TUHAN telah memutuskan untuk mempuingkan tembok puteri Sion. Ia mengukur semuanya dengan tali pengukur, Ia tak menahan tangan-Nya untuk menghancurkannya. Ia menjadikan berkabung tembok luar dan tembok dalam, mereka merana semua."
32,Ratapan 2,9,"Gapurane padha ambles ing bumi, Pangeran Yehuwah ngrisak lan nugel-nugel slarake; rajane lan panggedhene padha dumunung ana ing antarane bangsa manca. Ora ana pitedah saka Sang Yehuwah dalah para nabine padha ora tampa wahyu saka Panjenengane.","Terbenam gapura-gapuranya di dalam tanah; TUHAN menghancurkan dan meluluhkan palang-palang pintunya. Rajanya dan pemimpin-pemimpinnya berada di antara bangsa-bangsa asing. Tak ada petunjuk dari TUHAN, bahkan nabi-nabi tidak menerima lagi wahyu dari pada-Nya."
33,Ratapan 2,10,"Para tuwa-tuwane putri Sion, padha nglosod ana ing lemah, padha nguwur-uwuri awu ing sirahe lan manganggo bagor. Para prawan ing Yerusalem, padha tumungkul konjem ing bumi.","Duduklah tertegun di tanah para tua-tua puteri Sion; mereka menabur abu di atas kepala, dan mengenakan kain kabung. Dara-dara Yerusalem menundukkan kepalanya ke tanah."
34,Ratapan 2,11,"Mripatku nganti nggerong dening luh, remuk bubuk atiku, atiku ajur mumur, marga tumpese putrine bangsaku, dene bocah cilik lan bayi padha sumaput ana ing ara-araning kutha.","Mataku kusam dengan air mata, remuk redam hatiku; hancur habis hatiku karena keruntuhan puteri bangsaku, sebab jatuh pingsan kanak-kanak dan bayi di lapangan-lapangan kota."
35,Ratapan 2,12,"Padha takon marang biyunge: “Endi rotine lan anggure?”, nalika padha sumaput ana ing alun-alune kutha kaya wong kang gugur ana ing paprangan, sarta padha pegat nyawa ana ing pangkone biyunge.","Kepada ibunya mereka bertanya: ""Mana roti dan anggur?"", sedang mereka jatuh pingsan seperti orang yang gugur di lapangan-lapangan kota, ketika menghembuskan nafas di pangkuan ibunya."
36,Ratapan 2,13,"He, putri ing Yerusalem, aku bisa mratelakake apa marang kowe, lan kowe kena dakupamakake apa? He, putri kenya ing Sion, kowe kena dakupamakake apa, kanggo nglipur kowe, marga gempuranmu ambane kaya sagara, sapa kang bisa marasake kowe?","Apa yang dapat kunyatakan kepadamu, dengan apa aku dapat menyamakan engkau, ya puteri Yerusalem? Dengan apa aku dapat membandingkan engkau untuk dihibur, ya dara, puteri Sion? Karena luas bagaikan laut reruntuhanmu; siapa yang akan memulihkan engkau?"
37,Ratapan 2,14,Para nabimu padha nyaritakake marang kowe wahyu kang cidra lan kothong. Padha ora mratelakake kaluputanmu supaya kowe banjur waras maneh. Wangsit-wangsit kang goroh lan nasarake kang dikandhakake marang kowe.,"Nabi-nabimu melihat bagimu penglihatan yang dusta dan hampa. Mereka tidak menyatakan kesalahanmu, guna memulihkan engkau kembali. Mereka mengeluarkan bagimu ramalan-ramalan yang dusta dan menyesatkan."
38,Ratapan 2,15,"Sakehe wong kang liwat, padha keplok-keplok marga meruhi kowe, padha ngeses-ngeses lan gedheg-gedheg, tumrap putri ing Yerusalem, ujare: “Apa iki kutha kang kaaranan luwih dening endah, dadi kasenengane wong salumahing bumi kabeh?”","Sekalian orang yang lewat bertepuk tangan karena engkau. Mereka bersuit-suit dan menggelengkan kepalanya mengenai puteri Yerusalem: ""Inikah kota yang disebut orang kota yang paling indah, kesukaan dunia semesta?"""
39,Ratapan 2,16,"Sakehe mungsuhmu padha ngunek-unekake kowe, padha ngeses-ngeses lan nggeget untu, ujare: “Iku wus padha daksirnakake!” “La, yaiki dina kang dakarep-arep, wus dakalami lan daksipati!”","Terhadap engkau semua seterumu mengangakan mulutnya. Mereka bersuit-suit dan menggertakkan gigi: ""Kami telah memusnahkannya!"", kata mereka, ""Nah, inilah harinya yang kami nanti-nantikan, kami mengalaminya, kami melihatnya!"""
40,Ratapan 2,17,"Pangeran Yehuwah wus nindakake apa kang karancang, wus netepi apa kang dadi pangandikane, kang diundhangake wiwit dhek jaman biyen, wus nggempur tanpa pangeman, mungsuh didadekake seneng ing ngatase kowe, sungune satru-satrumu wus didhuwurake.","TUHAN telah menjalankan yang dirancangkan-Nya, Ia melaksanakan yang difirmankan-Nya, yang diperintahkan-Nya dahulu kala; Ia merusak tanpa belas kasihan, Ia menjadikan si seteru senang atas kamu, Ia meninggikan tanduk lawan-lawanmu."
41,Ratapan 2,18,"Sambat-sambata marang Pangeran kanthi seru, he, putri ing Sion, rina-wengi luhmu milia kaya kali, awakmu aja kokasokake, mripatmu aja nganti leren!","Berteriaklah kepada Tuhan dengan nyaring, hai, puteri Sion, cucurkanlah air mata bagaikan sungai siang dan malam; janganlah kauberikan dirimu istirahat, janganlah matamu tenang!"
42,Ratapan 2,19,"Tangia, ngadhuh-adhuha ing wayah bengi, ing wiwitaning giliraning jaga bengi; isining atimu esokna kaya banyu, ana ing ngarsaning Pangeran, tanganmu egarna marang Panjenengane, amrih uripe anak-anakmu, kang semaput marga saka luwe, ana ing pojoke lurung-lurung.","Bangunlah, mengeranglah pada malam hari, pada permulaan giliran jaga malam; curahkanlah isi hatimu bagaikan air di hadapan Tuhan, angkatlah tanganmu kepada-Nya demi hidup anak-anakmu, yang jatuh pingsan karena lapar di ujung-ujung jalan!"
43,Ratapan 2,20,"Dhuh Yehuwah, Paduka mugi karsaa mirsani saha niti-priksa, sinten ingkang Paduka etrapi makaten punika, punapa tiyang estri kedah nedha wohing wetenganipun piyambak, inggih bayi-bayi ingkang taksih wonten ing bopongan; punapa imam tuwin nabi kedah dipun pejahi wonten ing pasucenipun Pangeran?","Lihatlah, TUHAN, dan tiliklah, kepada siapakah Engkau telah berbuat ini? Apakah perempuan harus makan anak kandungnya, anak-anak yang masih dibuai? Apakah dalam tempat kudus Tuhan harus dibunuh imam dan nabi?"
44,Ratapan 2,21,"Nem-neman lan tiyang sepuh, sami gilang-gilang wonten ing margi, prawan-prawan lan jaka-jaka kawula, sami pejah dening pedhang, sami Paduka pejahi nalika Paduka bendu, Paduka pragad tanpa pangowel.","Terbaring di debu jalan pemuda dan orang tua; dara-daraku dan teruna-terunaku gugur oleh pedang; Engkau membunuh mereka tatkala Engkau murka, tanpa belas kasihan Engkau menyembelih mereka!"
45,Ratapan 2,22,"Kados-kados ing dinten pahargyan Paduka nimbali sadaya ingkang kawula sami ajrihi saking kiwa-tengen. Nalika Pangeran Yehuwah bendu, boten wonten tiyang satunggal kemawon ingkang saged oncat utawi wilujeng. Lare-lare ingkang kawula uthun-uthun saha kawula gula-wenthah, sami dipun pejahi dening mengsah kawula.",Seolah-olah pada hari perayaan Engkau mengundang semua yang kutakuti dari sekeliling. Tatkala TUHAN murka tak ada seorang yang luput atau selamat. Mereka yang kubuai dan kubesarkan dibinasakan seteruku.
46,Ratapan 3,0,Panglipur sajroning kasangsaran,Penghiburan dalam penderitaan
47,Ratapan 3,1,Aku iki wong kang ngalami sangsara marga saka panggebaging dukane Pangeran.,Akulah orang yang melihat sengsara disebabkan cambuk murka-Nya.
48,Ratapan 3,2,Panjenengane nundhung lan nglampahake aku ana ing pepeteng kang ora ana padhange.,Ia menghalau dan membawa aku ke dalam kegelapan yang tidak ada terangnya.
49,Ratapan 3,3,"Lah aku katibanan ing astane marambah-rambah, nganti sadina muput.","Sesungguhnya, aku dipukul-Nya berulang-ulang dengan tangan-Nya sepanjang hari."
50,Ratapan 3,4,"Daging lan kulitku didamel susut, balungku padha ditugeli.","Ia menyusutkan dagingku dan kulitku, tulang-tulangku dipatahkan-Nya."
51,Ratapan 3,5,"Pangeran ngedegake tembok ngungkuli aku, ngupengi aku kalawan kaprihatinan lan kasusahan.","Ia mendirikan tembok sekelilingku, mengelilingi aku dengan kesedihan dan kesusahan."
52,Ratapan 3,6,"Aku dipapanake ing panggonan kang peteng, kaya wong kang wus mati suwe.",Ia menempatkan aku di dalam gelap seperti orang yang sudah lama mati.
53,Ratapan 3,7,"Aku dipepeti, dalan metu ditutup kabeh sarta ditaleni nganggo rante kang abot.","Ia menutup segala jalan ke luar bagiku, Ia mengikat aku dengan rantai yang berat."
54,Ratapan 3,8,"Sanadyan aku sambat-sambat lan bengok-bengok nyuwun tulung, pandongaku ora dipiyarsakake.","Walaupun aku memanggil-manggil dan berteriak minta tolong, tak didengarkan-Nya doaku."
55,Ratapan 3,9,"Dalan-dalanku padha dipepeti nganggo watu tatahan, didadekake ora kena diambah.","Ia merintangi jalan-jalanku dengan batu pahat, dan menjadikannya tidak terlalui."
56,Ratapan 3,10,"Panjenengane prasasat bruwang kang ngadhang marang aku, lan prasasat singa ana ing pandhelikan.","Laksana beruang Ia menghadang aku, laksana singa dalam tempat persembunyian."
57,Ratapan 3,11,"Dalan-dalanku dienggokake, aku disempal-sempal lan ndadosake aku bingung.","Ia membelokkan jalan-jalanku, merobek-robek aku dan membuat aku tertegun."
58,Ratapan 3,12,Gandhewane wus dipenthang lan aku kang dadi lesaning jemparinge.,"Ia membidikkan panah-Nya, menjadikan aku sasaran anak panah."
59,Ratapan 3,13,"Jemparinge kang ana ing endhonge padha dilepasake kabeh, padha manjing ing atiku.",Ia menyusupkan ke dalam hatiku segala anak panah dari tabung-Nya.
60,Ratapan 3,14,"Aku dadi pepoyokane bangsaku kabeh, digawe lagu pangece nganti sadina muput.","Aku menjadi tertawaan bagi segenap bangsaku, menjadi lagu ejekan mereka sepanjang hari."
61,Ratapan 3,15,Aku diwaregi kalawan pepait lan diombeni butrawali.,"Ia mengenyangkan aku dengan kepahitan, memberi aku minum ipuh."
62,Ratapan 3,16,"Untuku diremuk, srana aku diparingi mangan krikil, lan aku diblesekake ing lebu.",Ia meremukkan gigi-gigiku dengan memberi aku makan kerikil; Ia menekan aku ke dalam debu.
63,Ratapan 3,17,"Nyawa kawula Paduka pisahaken saking ing katentreman, kawula kasupen dhateng kabegjan.","Engkau menceraikan nyawaku dari kesejahteraan, aku lupa akan kebahagiaan."
64,Ratapan 3,18,"Ing kono pangiraku: Misuwurku wus sirna, lan pangarep-arepku marang Pangeran Yehuwah wus ilang.",Sangkaku: hilang lenyaplah kemasyhuranku dan harapanku kepada TUHAN.
65,Ratapan 3,19,"“Paduka mugi ngengeti kasangsaran saha anggen kawula kalunta-lunta, punapadene wontenipun butrawali lan wisa.”","""Ingatlah akan sengsaraku dan pengembaraanku, akan ipuh dan racun itu."""
66,Ratapan 3,20,"Nyawa kawula tansah kengetan dhateng prakawis punika, saha nglemprek wonten ing lebet kawula.",Jiwaku selalu teringat akan hal itu dan tertekan dalam diriku.
67,Ratapan 3,21,"Nanging iki kang dakrasakake, lan kang njalari aku duwe pangarep-arep:","Tetapi hal-hal inilah yang kuperhatikan, oleh sebab itu aku akan berharap:"
68,Ratapan 3,22,"Sih-kamirahane Pangeran Yehuwah iku tanpa pedhot, lan sih-kawelasane ora ana enteke.","Tak berkesudahan kasih setia TUHAN, tak habis-habisnya rahmat-Nya,"
69,Ratapan 3,23,"Tansah lumintu, ganti-gumanti saben esuk. Saestu ageng kasetyan Paduka punika!",selalu baru tiap pagi; besar kesetiaan-Mu!
70,Ratapan 3,24,"Osiking atiku: “Pangeran Yehuwah iku dadi pandumanku, mulane dakarep-arep.”","""TUHAN adalah bagianku,"" kata jiwaku, oleh sebab itu aku berharap kepada-Nya."
71,Ratapan 3,25,"Pangeran iku sae tumrap wong kang padha nganti-anti, tumrap nyawa kang ngupaya Panjenengane.","TUHAN adalah baik bagi orang yang berharap kepada-Nya, bagi jiwa yang mencari Dia."
72,Ratapan 3,26,Becik manawa wong nganti-anti marang pitulungane Sang Yehuwah kalawan sabar.,Adalah baik menanti dengan diam pertolongan TUHAN.
73,Ratapan 3,27,Becik manawa wong lanang mikul pasangan nalika nome.,Adalah baik bagi seorang pria memikul kuk pada masa mudanya.
74,Ratapan 3,28,"Iku lungguha dhewekan lan menenga, manawa lagi dietrapi dening Pangeran Yehuwah.",Biarlah ia duduk sendirian dan berdiam diri kalau TUHAN membebankannya.
75,Ratapan 3,29,"Ambruka lan nempelna raine ing lebu, bokmanawa isih ana pangarep-arep.","Biarlah ia merebahkan diri dengan mukanya dalam debu, mungkin ada harapan."
76,Ratapan 3,30,"Pipine diulungna marang kang napuk, dinganti wareg anggone dipoyoki.","Biarlah ia memberikan pipi kepada yang menamparnya, biarlah ia kenyang dengan cercaan."
77,Ratapan 3,31,Awit Pangeran Yehuwah anggone nyebratake ora ing salawase.,Karena tidak untuk selama-lamanya Tuhan mengucilkan.
78,Ratapan 3,32,"Amarga sanadyan Panjenengan maringi kaprihatinan, iya nuli paring palimirma, cundhuk karo sih-kadarmane.","Karena walau Ia mendatangkan susah, Ia juga menyayangi menurut kebesaran kasih setia-Nya."
79,Ratapan 3,33,Awit ora kalawan lila-legawaning galihe manawa maringi kasusahan lan kaprihatinan marang para anake manungsa.,Karena tidak dengan rela hati Ia menindas dan merisaukan anak-anak manusia.
80,Ratapan 3,34,"Manawa ana wong kang ngidak-idak sakehe wong tawanan ing salumahing bumi,","Kalau dipijak-pijak dengan kaki tawanan-tawanan di dunia,"
81,Ratapan 3,35,"manawa wewenanging wong dienggokake ana ing ngarsane Kang Mahaluhur,","kalau hak orang dibelokkan di hadapan Yang Mahatinggi,"
82,Ratapan 3,36,"manawa wong ditanduki kang ora adil tumrap prakarane, iku apa ora diuningani dening Pangeran Yehuwah?","atau orang diperlakukan tidak adil dalam perkaranya, masakan Tuhan tidak melihatnya?"
83,Ratapan 3,37,Sapa ta kang ngandika lan samubarang kabeh banjur ana? Apa dudu Pangeran kang ndhawuhake?,"Siapa berfirman, maka semuanya jadi? Bukankah Tuhan yang memerintahkannya?"
84,Ratapan 3,38,Kang ala lan kang becik iku wijile apa ora saka lesane Kang Mahaluhur?,Bukankah dari mulut Yang Mahatinggi keluar apa yang buruk dan apa yang baik?
85,Ratapan 3,39,Yagene wong urip padha nggresah? Saben wong nggresaha marga saka dosane!,Mengapa orang hidup mengeluh? Biarlah setiap orang mengeluh tentang dosanya!
86,Ratapan 3,40,"Mara, payo padha naliti lan mriksa urip kita, sarta padha bali sowan marang Sang Yehuwah.","Marilah kita menyelidiki dan memeriksa hidup kita, dan berpaling kepada TUHAN."
87,Ratapan 3,41,"Mara, payo padha ngulukake ati lan tangan kita marang Gusti Allah ing swarga lan munjuk:",Marilah kita mengangkat hati dan tangan kita kepada Allah di sorga:
88,Ratapan 3,42,"Kawula sampun nerak lan mbalela, mangka Paduka boten paring pangapunten.","Kami telah mendurhaka dan memberontak, Engkau tidak mengampuni."
89,Ratapan 3,43,"Paduka singeban bebendu, sarta mbujeng kawula, Paduka pejahi tanpa piwelas.","Engkau menyelubungi diri-Mu dengan murka, mengejar kami dan membunuh kami tanpa belas kasihan."
90,Ratapan 3,44,"Paduka singeban mendhung, satemah pandonga kawula boten saged nembus.","Engkau menyelubungi diri-Mu dengan awan, sehingga doa tak dapat menembus."
91,Ratapan 3,45,Kawula sami Paduka dadosaken jember lan nistha wonten ing satengahipun para bangsa.,Kami Kaujadikan kotor dan keji di antara bangsa-bangsa.
92,Ratapan 3,46,"Sakathahipun mengsah kawula, sami ngungel-ungelaken kawula.",Terhadap kami semua seteru kami mengangakan mulutnya.
93,Ratapan 3,47,"Kawula kataman pagiris sarta kalajiret, karisakan lan pagempuran.","Kejut dan jerat menimpa kami, kemusnahan dan kehancuran."
94,Ratapan 3,48,Luh kawula mili kados lepen awit saking risaking putrinipun bangsa kawula.,"Air mataku mengalir bagaikan batang air, karena keruntuhan puteri bangsaku."
95,Ratapan 3,49,"Luh kawula tansah crocosan, tanpa wonten kendelipun;","Air mataku terus-menerus bercucuran, dengan tak henti-hentinya,"
96,Ratapan 3,50,ngantos Pangeran Yehuwah ngudaneni saking nginggil saha mirsani saking swarga.,sampai TUHAN memandang dari atas dan melihat dari sorga.
97,Ratapan 3,51,Mripat kawula ngantos kraos perih awit saking kawontenanipun para putri ing kitha kawula.,Mataku terasa pedih oleh sebab keadaan puteri-puteri kotaku.
98,Ratapan 3,52,Kawula dipun uber-uber kados peksi dening tiyang ingkang sami mengsah dhateng kawula tanpa sabab.,Seperti burung aku diburu-buru oleh mereka yang menjadi seteruku tanpa sebab.
99,Ratapan 3,53,"Kawula dipun cemplungaken dhateng luweng gesang-gesangan, sarta dipun banggali sela.","Mereka melemparkan aku hidup-hidup dalam lobang, melontari aku dengan batu."
100,Ratapan 3,54,"Toya mbanjiri sirah kawula, kawula nginten: “Bilai aku saiki.”","Air membanjir di atas kepalaku, kusangka: ""Binasa aku!"""
101,Ratapan 3,55,"“Dhuh Yehuwah, kawula nyebut asma Paduka saking dhasaring luweng ingkang lebet.","""Ya TUHAN, aku memanggil nama-Mu dari dasar lobang yang dalam."
102,Ratapan 3,56,Paduka miyarsakaken swara kawula. Paduka sampun ngantos nutupi talingan Paduka tumrap pangadhuh saha pasambat kawula.,Engkau mendengar suaraku! Janganlah Kaututupi telinga-Mu terhadap kesahku dan teriak tolongku!
103,Ratapan 3,57,"Nalika kawula sesambat dhateng Paduka, Paduka celak sarta ngandika: Aja wedi.”","Engkau dekat tatkala aku memanggil-Mu, Engkau berfirman: Jangan takut!"""
104,Ratapan 3,58,"“Dhuh Yehuwah, Paduka sampun mbelani prakawis kawula, sarta sampun ngluwari gesang kawula.","""Ya Tuhan, Engkau telah memperjuangkan perkaraku, Engkau telah menyelamatkan hidupku."
105,Ratapan 3,59,"Dhuh Yehuwah, Paduka sampun nguningani anggen kawula dipun etrapi ingkang boten adil; Paduka mugi karsaa maringi kaadilan!","Engkau telah melihat ketidakadilan terhadap aku, ya TUHAN; berikanlah keadilan!"
106,Ratapan 3,60,Paduka sampun nguningani pangigit-igitipun tiyang-tiyang wau saha sadaya pangrantamipun dhateng kawula.”,"Engkau telah melihat segala dendam mereka, segala rancangan mereka terhadap aku."""
107,Ratapan 3,61,"“Dhuh Yehuwah, Paduka sampun midhangetaken pamemadanipun, dalah pangrantamipun dhateng kawula;","""Engkau telah mendengar cercaan mereka, ya TUHAN, segala rancangan mereka terhadap aku,"
108,Ratapan 3,62,"punapadene wicantenipun tiyang-tiyang ingkang sami nglawan dhateng kawula, sarta malih pangangen-angenipun awon tumrap kawula sadinten muput!","percakapan orang-orang yang melawan aku, dan rencana mereka terhadap aku sepanjang hari."
109,Ratapan 3,63,"Mugi Paduka pirsani ngadeg-linggihipun, kawula kadadosaken lagu pepoyokanipun.”","Amatilah duduk bangun mereka! Aku menjadi lagu ejekan mereka."""
110,Ratapan 3,64,"“Dhuh Yehuwah, Paduka badhe nandukaken piwales dhateng tiyang-tiyang wau, miturut ing sapandamelipun.","""Engkau akan mengadakan pembalasan terhadap mereka, ya TUHAN, menurut perbuatan tangan mereka."
111,Ratapan 3,65,"Paduka badhe mangkotaken manahipun, mugi sami kadhawahana laknat Paduka.",Engkau akan mengeraskan hati mereka; kiranya kutuk-Mu menimpa mereka!
112,Ratapan 3,66,"Dhuh Yehuwah, Paduka badhe mbujeng tiyang-tiyang wau klayan bebendu, sarta sami badhe Paduka sirnakaken saking sangandhaping langit!”","Engkau akan mengejar mereka dengan murka dan memunahkan mereka dari bawah langit, ya TUHAN!"""
113,Ratapan 4,0,Kasangsarane Sion kang nggegirisi,Sengsara Sion yang dahsyat
114,Ratapan 4,1,"Adhuh lae, emas iku kok surem temen, emas murni kok malih; watu-watu suci iku padha kabuwang ana ing pojoke saben lurung.","Ah, sungguh pudar emas itu, emas murni itu berubah; batu-batu suci itu terbuang di pojok tiap jalan."
115,Ratapan 4,2,"Para anake Sion kang aji, padha karo kaya emas tuwa, adhuh, kok dipadhakake karo pengaron lemah gaweaning tangane kundhi.","Anak-anak Sion yang berharga, yang setimbang dengan emas tua, sungguh mereka dianggap belanga-belanga tanah buatan tangan tukang periuk."
116,Ratapan 4,3,"Sanadyan asu ajag iya ngulungake susune nusoni anake, nanging putrining bangsaku wus dadi mentala, kaya manuk unta ing sagara wedhi.","Serigalapun memberikan teteknya dan menyusui anak-anaknya, tetapi puteri bangsaku telah menjadi kejam seperti burung unta di padang pasir."
117,Ratapan 4,4,"Ilate bocah pasuson kraket ing cethake dening kasatan; bocah-bocah padha njaluk roti, nanging ora ana kang ngwenehi.","Lidah bayi melekat pada langit-langit karena haus; kanak-kanak meminta roti, tetapi tak seorangpun yang memberi."
118,Ratapan 4,5,"Wong kang kulina mangan kang sarwa enak, padha kaluwen ana ing lelurung, kang kulina linggih ing bantal gluga, padha nglemprak ana ing pawuhan.",Yang biasa makan yang sedap-sedap mati bulur di jalan-jalan; yang biasa duduk di atas bantal kirmizi terbaring di timbunan sampah.
119,Ratapan 4,6,"Durakaning putrine bangsaku ngungkuli dosane Sodom, kang diwalik sajroning sakedhep netra, tanpa katiban ing tangan.","Kedurjanaan puteri bangsaku melebihi dosa Sodom, yang sekejap mata dibongkar-bangkir tanpa ada tangan yang memukulnya."
120,Ratapan 4,7,"Para pemimpine resike ngungkuli salju, lan luwih putih tinimbang susu, abanging awake ngungkuli merjan, pasemone memper watu manila;","Pemimpin-pemimpin lebih bersih dari salju dan lebih putih dari susu, tubuh mereka lebih merah dari pada merjan, seperti batu nilam rupa mereka."
121,Ratapan 4,8,"nanging saiki rupane ireng ngungkuli angus, kang ana ing lurung-lurung padha pangling, kulite kelet karo balung-balunge, garing kaya kayu.","Sekarang rupa mereka lebih hitam dari pada jelaga, mereka tidak dikenal di jalan-jalan, kulit mereka berkerut pada tulang-tulangnya, mengering seperti kayu."
122,Ratapan 4,9,"Luwih begja kang kapupu ing pedhang, tinimbang kang mati kaluwen, kang ngenes lan mati marga tegale ora ana pametune.","Lebih bahagia mereka yang gugur karena pedang dari pada mereka yang tewas karena lapar, yang merana dan mati sebab tak ada hasil ladang."
123,Ratapan 4,10,"Tangane wong wadon kang welasan wus padha ngolah anak-anake, kanggo pangane nalika putrining bangsaku rusak.","Dengan tangan sendiri wanita yang lemah lembut memasak kanak-kanak mereka, untuk makanan mereka tatkala runtuh puteri bangsaku."
124,Ratapan 4,11,"Pangeran Yehuwah wus ngebyukake sakehe bramatyane, ngesokake bebendune kang mulad-mulad, sarta wus nyumed geni ana ing Sion kang mangsa dhasar-dhasare.","TUHAN melepaskan segenap amarah-Nya, mencurahkan murka-Nya yang menyala-nyala, dan menyalakan api di Sion, yang memakan dasar-dasarnya."
125,Ratapan 4,12,Para raja ing sajagad lan sarupane wong isine donya padha ora pracaya yen mungsuh lan satru bisa lumebu ing gapurane Yerusalem.,"Tidak percaya raja-raja di bumi, pun seluruh penduduk dunia, bahwa lawan dan seteru dapat masuk ke dalam gapura-gapura Yerusalem."
126,Ratapan 4,13,"Iku kelakon mangkono marga saka dosane para nabine lan pialane para imame, kang padha ngwutahake getihe wong kang ora luput, kang ana ing satengahe.",Hal itu terjadi oleh sebab dosa nabi-nabinya dan kedurjanaan imam-imamnya yang di tengah-tengahnya mencurahkan darah orang yang tidak bersalah.
127,Ratapan 4,14,"Padha nuk-nukan kaya wong tuna-netra ana ing lurung-lurung, najis dening getih, nganti wong ora bisa nggepok marang sandhangane.","Mereka terhuyung-huyung seperti orang buta di jalan-jalan, cemar oleh darah, sehingga orang tak dapat menyentuh pakaian mereka."
128,Ratapan 4,15,"Paha dielokake: “Sumingkir, najis. Sumingkir, sumingkir, aja nggepok!”, nuli padha lunga lan nglambrang; para bangsa banjur padha ngucap: “Iku padha ora kena manggon ana ing kene maneh!”","""Singkir! Najis!"", kata orang kepada mereka, ""Singkir! Singkir! Jangan sentuh!""; lalu mereka lari dan mengembara, maka berkatalah bangsa-bangsa: ""Mereka tak boleh tinggal lebih lama di sini."""
129,Ratapan 4,16,"Pangeran Yehuwah piyambak mbuyarake wong-wong mau, bakal ora diudaneni maneh. Para imam padha ora diajeni dalah para wong tuwa iya ora diwelasi.","TUHAN sendiri mencerai-beraikan mereka, tak mau lagi Ia memandang mereka. Para imam tidak mereka hormati, dan orang-orang tua tidak mereka kasihani."
130,Ratapan 4,17,"Mripatku tansah ngarep-arep pitulungan, nanging tanpa guna; saka menara pajagan olehku ngarep-arep marang bangsa kang ora bisa mitulungi.","Selalu mata kami merindukan pertolongan, tetapi sia-sia; dari menara penjagaan kami menanti-nantikan suatu bangsa yang tak dapat menolong."
131,Ratapan 4,18,"Wong-wong mau padha ndingkik lakuku, nganti aku padha ora bisa metu ing alun-alunku; wus ndungkap ajalku, wus puput uripku, aku wus padha tekan ing wekasaning uripku.","Mereka mengintai langkah-langkah kami, sehingga kami tak dapat berjalan di lapangan-lapangan kami; akhir hidup kami mendekat, hari-hari kami sudah genap, ya, akhir hidup kami sudah tiba."
132,Ratapan 4,19,"Kang padha ngoyak-oyak aku rikate ngungkuli manuk garudha ing awang-awang, aku padha diburu ana ing gunung-gunung, lan dicegat ana ing pasamunan.","Pengejar-pengejar kami lebih cepat dari pada burung rajawali di angkasa mereka memburu kami di atas gunung-gunung, menghadang kami di padang gurun."
133,Ratapan 4,20,"Wong kang jinebadan dening Pangeran Yehuwah, napasing uripku kabeh kacemplung ing luwenganing wong-wong mau, wong kang dakkira: “Ana ing pangaubane aku bakal padha urip ana ing tengahe para bangsa.”","Orang yang diurapi TUHAN, nafas hidup kami, tertangkap dalam pelubang mereka, dia yang kami sangka: ""Dalam naungannya kami akan hidup di antara bangsa-bangsa."""
134,Ratapan 4,21,"Heh, putri ing Edom, kang manggon ing tanah Us, bungaha lan giyak-giyaka, tuwunge uga bakal tumeka ing kowe, kowe bakal mendem nganti kawudan.","Bergembira dan bersukacitalah, hai puteri Edom, engkau yang mendiami tanah Us, juga kepadamu piala akan sampai, engkau akan jadi mabuk lalu menelanjangi dirimu!"
135,Ratapan 4,22,"He, putri ing Sion, kaluputanmu wus ilang, Pangeran Yehuwah ara bakal marengake kowe dibuwang maneh, nanging kaluputanmu, he putri ing Edom, bakal diwales lan dosa-dosamu bakal digelar.","Telah hapus kesalahanmu, puteri Sion, tak akan lagi TUHAN membawa engkau ke dalam pembuangan, tetapi kesalahanmu, puteri Edom, akan dibalas-Nya, dan dosa-dosamu akan disingkapkan-Nya."
